toxicity_regime,n_steps,mean_pnl,final_pnl_last_step,fill_rate_bid,fill_rate_ask,avg_adverse_selection_cost,avg_realized_spread_component,avg_markout,median_markout,mean_inventory_abs,run_id,use_hawkes,A,k,markout_horizon_steps
low_toxicity,7722,7709.0370771814305,11607.066105,0.0341880341880341,0.0295260295260295,0.3922235172235172,0.3920778295778295,-0.2462398373983739,-0.245,368.6803936803937,hawkes__A_0.12__k_4.0__h_5,True,0.12,4.0,5
medium_toxicity,7722,7536.462001011396,11613.75982,0.0332815332815332,0.0344470344470344,0.4142223517223517,0.41755698005698,-0.2446367112810707,-0.245,371.2121212121212,hawkes__A_0.12__k_4.0__h_5,True,0.12,4.0,5
high_toxicity,7956,5742.303162420187,11592.469225,0.0514077425842131,0.056184012066365,0.6612462292609351,0.6641371292106586,-0.2458352803738318,-0.245,318.9888134741076,hawkes__A_0.12__k_4.0__h_5,True,0.12,4.0,5
low_toxicity,7722,7709.0370771814305,11607.066105,0.0341880341880341,0.0295260295260295,0.3929843304843304,0.3920778295778295,-0.2467174796747967,-0.245,368.6803936803937,hawkes__A_0.12__k_4.0__h_3,True,0.12,4.0,3
medium_toxicity,7722,7536.462001011396,11613.75982,0.0332815332815332,0.0344470344470344,0.4163914788914789,0.41755698005698,-0.2459177820267686,-0.245,371.2121212121212,hawkes__A_0.12__k_4.0__h_3,True,0.12,4.0,3
high_toxicity,7956,5742.303162420187,11592.469225,0.0514077425842131,0.056184012066365,0.6648127199597788,0.6641371292106586,-0.247161214953271,-0.245,318.9888134741076,hawkes__A_0.12__k_4.0__h_3,True,0.12,4.0,3
low_toxicity,7722,7709.0370771814305,11607.066105,0.0341880341880341,0.0295260295260295,0.3933080808080808,0.3920778295778295,-0.246920731707317,-0.245,368.6803936803937,hawkes__A_0.12__k_4.0__h_1,True,0.12,4.0,1
medium_toxicity,7722,7536.462001011396,11613.75982,0.0332815332815332,0.0344470344470344,0.418026418026418,0.41755698005698,-0.2468833652007648,-0.245,371.2121212121212,hawkes__A_0.12__k_4.0__h_1,True,0.12,4.0,1
high_toxicity,7956,5742.303162420187,11592.469225,0.0514077425842131,0.056184012066365,0.6657239819004525,0.6641371292106586,-0.2475,-0.245,318.9888134741076,hawkes__A_0.12__k_4.0__h_1,True,0.12,4.0,1
low_toxicity,7722,7149.752024625745,10675.982885,0.0323750323750323,0.0278425278425278,0.3686706811706812,0.3711635586635586,-0.2448924731182795,-0.245,346.67184667184665,baseline__A_0.12__k_4.0__h_5,False,0.12,4.0,5
medium_toxicity,7722,6999.77911571225,10700.09487,0.0339290339290339,0.0322455322455322,0.4105477855477855,0.4136234136234136,-0.248160469667319,-0.25,337.46762496762494,baseline__A_0.12__k_4.0__h_5,False,0.12,4.0,5
high_toxicity,7956,5699.393902315863,10723.179285,0.0457516339869281,0.051533433886375,0.621810583207642,0.6192653343388638,-0.2556653746770026,-0.255,321.8702865761689,baseline__A_0.12__k_4.0__h_5,False,0.12,4.0,5
low_toxicity,7722,7149.752024625745,10675.982885,0.0323750323750323,0.0278425278425278,0.3687516187516187,0.3711635586635586,-0.2449462365591398,-0.245,346.67184667184665,baseline__A_0.12__k_4.0__h_3,False,0.12,4.0,3
medium_toxicity,7722,6999.77911571225,10700.09487,0.0339290339290339,0.0322455322455322,0.4111629111629111,0.4136234136234136,-0.24853228962818,-0.25,337.46762496762494,baseline__A_0.12__k_4.0__h_3,False,0.12,4.0,3
high_toxicity,7956,5699.393902315863,10723.179285,0.0457516339869281,0.051533433886375,0.6251885369532428,0.6192653343388638,-0.2570542635658915,-0.255,321.8702865761689,baseline__A_0.12__k_4.0__h_3,False,0.12,4.0,3
low_toxicity,7722,7149.752024625745,10675.982885,0.0323750323750323,0.0278425278425278,0.3715034965034965,0.3711635586635586,-0.2467741935483871,-0.245,346.67184667184665,baseline__A_0.12__k_4.0__h_1,False,0.12,4.0,1
medium_toxicity,7722,6999.77911571225,10700.09487,0.0339290339290339,0.0322455322455322,0.4124579124579124,0.4136234136234136,-0.2493150684931507,-0.25,337.46762496762494,baseline__A_0.12__k_4.0__h_1,False,0.12,4.0,1
high_toxicity,7956,5699.393902315863,10723.179285,0.0457516339869281,0.051533433886375,0.6223133484162896,0.6192653343388638,-0.2558720930232558,-0.255,321.8702865761689,baseline__A_0.12__k_4.0__h_1,False,0.12,4.0,1
low_toxicity,7722,5520.541359560995,8108.529185,0.0225330225330225,0.0185185185185185,0.2523795648795648,0.2527033152033152,-0.2459148264984227,-0.245,355.8728308728309,hawkes__A_0.08__k_4.0__h_5,True,0.08,4.0,5
medium_toxicity,7722,5403.658604972806,8132.529185,0.0229215229215229,0.024087024087024,0.2872798497798497,0.2898212898212898,-0.2444490358126722,-0.245,360.56721056721057,hawkes__A_0.08__k_4.0__h_5,True,0.08,4.0,5
high_toxicity,7956,4129.268884856084,8086.432305,0.0355706385118149,0.0402212166918049,0.4651835093011564,0.4677287581699346,-0.2455058043117745,-0.245,304.47146807440924,hawkes__A_0.08__k_4.0__h_5,True,0.08,4.0,5
low_toxicity,7722,5520.541359560995,8108.529185,0.0225330225330225,0.0185185185185185,0.2526709401709401,0.2527033152033152,-0.2461987381703469,-0.245,355.8728308728309,hawkes__A_0.08__k_4.0__h_3,True,0.08,4.0,3
medium_toxicity,7722,5403.658604972806,8132.529185,0.0229215229215229,0.024087024087024,0.288979538979539,0.2898212898212898,-0.2458953168044077,-0.245,360.56721056721057,hawkes__A_0.08__k_4.0__h_3,True,0.08,4.0,3
high_toxicity,7956,4129.268884856084,8086.432305,0.0355706385118149,0.0402212166918049,0.4679487179487179,0.4677287581699346,-0.2469651741293532,-0.245,304.47146807440924,hawkes__A_0.08__k_4.0__h_3,True,0.08,4.0,3
low_toxicity,7722,5520.541359560995,8108.529185,0.0225330225330225,0.0185185185185185,0.2530594405594406,0.2527033152033152,-0.246577287066246,-0.245,355.8728308728309,hawkes__A_0.08__k_4.0__h_1,True,0.08,4.0,1
medium_toxicity,7722,5403.658604972806,8132.529185,0.0229215229215229,0.024087024087024,0.2904364154364154,0.2898212898212898,-0.2471349862258953,-0.245,360.56721056721057,hawkes__A_0.08__k_4.0__h_1,True,0.08,4.0,1
high_toxicity,7956,4129.268884856084,8086.432305,0.0355706385118149,0.0402212166918049,0.46875,0.4677287581699346,-0.2473880597014925,-0.245,304.47146807440924,hawkes__A_0.08__k_4.0__h_1,True,0.08,4.0,1
low_toxicity,7722,5209.249197380212,7774.177245,0.0341880341880341,0.0293965293965293,0.263047138047138,0.2622539497539498,-0.165478615071283,-0.165,359.5247345247345,hawkes__A_0.12__k_6.0__h_5,True,0.12,6.0,5
medium_toxicity,7722,5093.875917651516,7784.87104,0.0334110334110334,0.0347060347060347,0.2775835275835275,0.281015281015281,-0.1629277566539923,-0.165,362.84317534317535,hawkes__A_0.12__k_6.0__h_5,True,0.12,6.0,5
high_toxicity,7956,3842.500266865887,7757.580325,0.051533433886375,0.0563097033685269,0.4421348667672197,0.4447429612870789,-0.1638286713286713,-0.165,313.1724484665661,hawkes__A_0.12__k_6.0__h_5,True,0.12,6.0,5
low_toxicity,7722,5209.249197380212,7774.177245,0.0341880341880341,0.0293965293965293,0.2633870758870759,0.2622539497539498,-0.1656924643584521,-0.165,359.5247345247345,hawkes__A_0.12__k_6.0__h_3,True,0.12,6.0,3
medium_toxicity,7722,5093.875917651516,7784.87104,0.0334110334110334,0.0347060347060347,0.2795907795907796,0.281015281015281,-0.1641825095057034,-0.165,362.84317534317535,hawkes__A_0.12__k_6.0__h_3,True,0.12,6.0,3
high_toxicity,7956,3842.500266865887,7757.580325,0.051533433886375,0.0563097033685269,0.4456070889894419,0.4447429612870789,-0.1652797202797203,-0.165,313.1724484665661,hawkes__A_0.12__k_6.0__h_3,True,0.12,6.0,3
low_toxicity,7722,5209.249197380212,7774.177245,0.0341880341880341,0.0293965293965293,0.2634680134680134,0.2622539497539498,-0.1657433808553971,-0.165,359.5247345247345,hawkes__A_0.12__k_6.0__h_1,True,0.12,6.0,1
medium_toxicity,7722,5093.875917651516,7784.87104,0.0334110334110334,0.0347060347060347,0.2813228438228438,0.281015281015281,-0.1651996197718631,-0.165,362.84317534317535,hawkes__A_0.12__k_6.0__h_1,True,0.12,6.0,1
high_toxicity,7956,3842.500266865887,7757.580325,0.051533433886375,0.0563097033685269,0.446408371040724,0.4447429612870789,-0.165576923076923,-0.165,313.1724484665661,hawkes__A_0.12__k_6.0__h_1,True,0.12,6.0,1
low_toxicity,7722,4802.183254917768,7122.979875,0.0323750323750323,0.0274540274540274,0.2447390572390572,0.2471024346024346,-0.163603896103896,-0.165,352.3569023569024,baseline__A_0.12__k_6.0__h_5,False,0.12,6.0,5
medium_toxicity,7722,4689.075486573427,7140.841935,0.0339290339290339,0.0322455322455322,0.2750097125097125,0.2781986531986532,-0.1662035225048923,-0.165,342.1684796684797,baseline__A_0.12__k_6.0__h_5,False,0.12,6.0,5
high_toxicity,7956,3787.7666080266463,7161.051225,0.0452488687782805,0.0512820512820512,0.4202174459527401,0.4171380090497738,-0.1739908854166666,-0.175,325.0471342383107,baseline__A_0.12__k_6.0__h_5,False,0.12,6.0,5
low_toxicity,7722,4802.183254917768,7122.979875,0.0323750323750323,0.0274540274540274,0.244577182077182,0.2471024346024346,-0.163517316017316,-0.165,352.3569023569024,baseline__A_0.12__k_6.0__h_3,False,0.12,6.0,3
medium_toxicity,7722,4689.075486573427,7140.841935,0.0339290339290339,0.0322455322455322,0.2755762755762755,0.2781986531986532,-0.1665753424657534,-0.165,342.1684796684797,baseline__A_0.12__k_6.0__h_3,False,0.12,6.0,3
high_toxicity,7956,3787.7666080266463,7161.051225,0.0452488687782805,0.0512820512820512,0.4228255404725993,0.4171380090497738,-0.1752083333333333,-0.175,325.0471342383107,baseline__A_0.12__k_6.0__h_3,False,0.12,6.0,3
low_toxicity,7722,4802.183254917768,7122.979875,0.0323750323750323,0.0274540274540274,0.2473452473452473,0.2471024346024346,-0.1653679653679653,-0.165,352.3569023569024,baseline__A_0.12__k_6.0__h_1,False,0.12,6.0,1
medium_toxicity,7722,4689.075486573427,7140.841935,0.0339290339290339,0.0322455322455322,0.2768874643874643,0.2781986531986532,-0.1673679060665361,-0.165,342.1684796684797,baseline__A_0.12__k_6.0__h_1,False,0.12,6.0,1
high_toxicity,7956,3787.7666080266463,7161.051225,0.0452488687782805,0.0512820512820512,0.4202960030165912,0.4171380090497738,-0.17416015625,-0.175,325.0471342383107,baseline__A_0.12__k_6.0__h_1,False,0.12,6.0,1
low_toxicity,7722,4748.204147505827,7016.269655,0.0213675213675213,0.017094017094017,0.2348161098161098,0.2371147371147371,-0.2442087542087542,-0.245,372.04739704739706,baseline__A_0.08__k_4.0__h_5,False,0.08,4.0,5
medium_toxicity,7722,4641.430811071614,7012.38164,0.0229215229215229,0.0218855218855218,0.2753172753172753,0.2799307174307174,-0.2457803468208092,-0.245,360.6578606578607,baseline__A_0.08__k_4.0__h_5,False,0.08,4.0,5
high_toxicity,7956,3762.662461847663,6969.909765,0.0302916038210155,0.0372046254399195,0.428528783308195,0.4292829311211664,-0.2539571694599628,-0.255,337.0160884866767,baseline__A_0.08__k_4.0__h_5,False,0.08,4.0,5
low_toxicity,7722,4748.204147505827,7016.269655,0.0213675213675213,0.017094017094017,0.2351236726236726,0.2371147371147371,-0.2445286195286195,-0.245,372.04739704739706,baseline__A_0.08__k_4.0__h_3,False,0.08,4.0,3
medium_toxicity,7722,4641.430811071614,7012.38164,0.0229215229215229,0.0218855218855218,0.2767579642579643,0.2799307174307174,-0.2470664739884393,-0.245,360.6578606578607,baseline__A_0.08__k_4.0__h_3,False,0.08,4.0,3
high_toxicity,7956,3762.662461847663,6969.909765,0.0302916038210155,0.0372046254399195,0.4328337104072398,0.4292829311211664,-0.2565083798882682,-0.255,337.0160884866767,baseline__A_0.08__k_4.0__h_3,False,0.08,4.0,3
low_toxicity,7722,4748.204147505827,7016.269655,0.0213675213675213,0.017094017094017,0.2367100492100492,0.2371147371147371,-0.2461784511784512,-0.245,372.04739704739706,baseline__A_0.08__k_4.0__h_1,False,0.08,4.0,1
medium_toxicity,7722,4641.430811071614,7012.38164,0.0229215229215229,0.0218855218855218,0.2791375291375291,0.2799307174307174,-0.2491907514450867,-0.25,360.6578606578607,baseline__A_0.08__k_4.0__h_1,False,0.08,4.0,1
high_toxicity,7956,3762.662461847663,6969.909765,0.0302916038210155,0.0372046254399195,0.4319224484665661,0.4292829311211664,-0.2559683426443203,-0.255,337.0160884866767,baseline__A_0.08__k_4.0__h_1,False,0.08,4.0,1
low_toxicity,7722,4005.814530066693,5903.51167,0.0341880341880341,0.0295260295260295,0.1988150738150738,0.198038073038073,-0.1247154471544715,-0.125,362.2312872312872,hawkes__A_0.12__k_8.0__h_5,True,0.12,8.0,5
medium_toxicity,7722,3920.383694123285,5916.45551,0.0334110334110334,0.0349650349650349,0.2108262108262108,0.2134809634809635,-0.1230965909090909,-0.125,367.0778295778296,hawkes__A_0.12__k_8.0__h_5,True,0.12,8.0,5
high_toxicity,7956,2938.558437496857,5885.91473,0.0511563599798893,0.0555555555555555,0.3312594268476621,0.3329562594268476,-0.1236160188457008,-0.125,326.1437908496732,hawkes__A_0.12__k_8.0__h_5,True,0.12,8.0,5
low_toxicity,7722,4005.814530066693,5903.51167,0.0341880341880341,0.0295260295260295,0.1992359492359492,0.198038073038073,-0.1250813008130081,-0.125,362.2312872312872,hawkes__A_0.12__k_8.0__h_3,True,0.12,8.0,3
medium_toxicity,7722,3920.383694123285,5916.45551,0.0334110334110334,0.0349650349650349,0.2120402745402745,0.2134809634809635,-0.1240435606060606,-0.125,367.0778295778296,hawkes__A_0.12__k_8.0__h_3,True,0.12,8.0,3
high_toxicity,7956,2938.558437496857,5885.91473,0.0511563599798893,0.0555555555555555,0.333977501256913,0.3329562594268476,-0.1250942285041225,-0.125,326.1437908496732,hawkes__A_0.12__k_8.0__h_3,True,0.12,8.0,3
low_toxicity,7722,4005.814530066693,5903.51167,0.0341880341880341,0.0295260295260295,0.1993492618492618,0.198038073038073,-0.1251524390243902,-0.125,362.2312872312872,hawkes__A_0.12__k_8.0__h_1,True,0.12,8.0,1
medium_toxicity,7722,3920.383694123285,5916.45551,0.0334110334110334,0.0349650349650349,0.2136428386428386,0.2134809634809635,-0.1249810606060606,-0.125,367.0778295778296,hawkes__A_0.12__k_8.0__h_1,True,0.12,8.0,1
high_toxicity,7956,2938.558437496857,5885.91473,0.0511563599798893,0.0555555555555555,0.3345274007038712,0.3329562594268476,-0.1253945818610129,-0.125,326.1437908496732,hawkes__A_0.12__k_8.0__h_1,True,0.12,8.0,1
low_toxicity,7722,3800.037544794743,5487.66773,0.0224035224035224,0.0186480186480186,0.1691271691271691,0.1693861693861693,-0.164794952681388,-0.165,360.6222481222481,hawkes__A_0.08__k_6.0__h_5,True,0.08,6.0,5
medium_toxicity,7722,3722.777988780756,5511.66773,0.0227920227920227,0.0239575239575239,0.190543253043253,0.1927933177933178,-0.1629224376731302,-0.165,363.4388759388759,hawkes__A_0.08__k_6.0__h_5,True,0.08,6.0,5
high_toxicity,7956,2822.409696162016,5463.57081,0.0355706385118149,0.0399698340874811,0.3093420060331825,0.3114316239316239,-0.1636439267886855,-0.165,306.8533182503771,hawkes__A_0.08__k_6.0__h_5,True,0.08,6.0,5
low_toxicity,7722,3800.037544794743,5487.66773,0.0224035224035224,0.0186480186480186,0.1693861693861693,0.1693861693861693,-0.1650473186119873,-0.165,360.6222481222481,hawkes__A_0.08__k_6.0__h_3,True,0.08,6.0,3
medium_toxicity,7722,3722.777988780756,5511.66773,0.0227920227920227,0.0239575239575239,0.192016317016317,0.1927933177933178,-0.1642936288088642,-0.165,363.4388759388759,hawkes__A_0.08__k_6.0__h_3,True,0.08,6.0,3
high_toxicity,7956,2822.409696162016,5463.57081,0.0355706385118149,0.0399698340874811,0.3116987179487179,0.3114316239316239,-0.1650499168053244,-0.165,306.8533182503771,hawkes__A_0.08__k_6.0__h_3,True,0.08,6.0,3
low_toxicity,7722,3800.037544794743,5487.66773,0.0224035224035224,0.0186480186480186,0.1697099197099197,0.1693861693861693,-0.1653627760252366,-0.165,360.6222481222481,hawkes__A_0.08__k_6.0__h_1,True,0.08,6.0,1
medium_toxicity,7722,3722.777988780756,5511.66773,0.0227920227920227,0.0239575239575239,0.1933436933436933,0.1927933177933178,-0.1654293628808864,-0.165,363.4388759388759,hawkes__A_0.08__k_6.0__h_1,True,0.08,6.0,1
high_toxicity,7956,2822.409696162016,5463.57081,0.0355706385118149,0.0399698340874811,0.3125157114127702,0.3114316239316239,-0.1654825291181364,-0.165,306.8533182503771,hawkes__A_0.08__k_6.0__h_1,True,0.08,6.0,1
low_toxicity,7722,3668.964306359752,5423.18133,0.0151515151515151,0.0115255115255115,0.1632996632996633,0.1642061642061642,-0.2448543689320388,-0.245,322.6819476819477,hawkes__A_0.05__k_4.0__h_5,True,0.05,4.0,5
medium_toxicity,7722,3593.865643067858,5430.68133,0.0148925148925148,0.0134680134680134,0.1741452991452991,0.1746309246309246,-0.2456164383561643,-0.245,327.0881895881896,hawkes__A_0.05__k_4.0__h_5,True,0.05,4.0,5
high_toxicity,7956,2743.321119795123,5413.80633,0.0212418300653594,0.0267722473604826,0.294746103569633,0.2966314731020613,-0.2455497382198952,-0.245,269.9409250879839,hawkes__A_0.05__k_4.0__h_5,True,0.05,4.0,5
low_toxicity,7722,3668.964306359752,5423.18133,0.0151515151515151,0.0115255115255115,0.1633644133644133,0.1642061642061642,-0.2449514563106796,-0.245,322.6819476819477,hawkes__A_0.05__k_4.0__h_3,True,0.05,4.0,3
medium_toxicity,7722,3593.865643067858,5430.68133,0.0148925148925148,0.0134680134680134,0.1741938616938617,0.1746309246309246,-0.2456849315068493,-0.245,327.0881895881896,hawkes__A_0.05__k_4.0__h_3,True,0.05,4.0,3
high_toxicity,7956,2743.321119795123,5413.80633,0.0212418300653594,0.0267722473604826,0.2961758421317245,0.2966314731020613,-0.246740837696335,-0.245,269.9409250879839,hawkes__A_0.05__k_4.0__h_3,True,0.05,4.0,3
low_toxicity,7722,3668.964306359752,5423.18133,0.0151515151515151,0.0115255115255115,0.1642061642061642,0.1642061642061642,-0.2462135922330097,-0.245,322.6819476819477,hawkes__A_0.05__k_4.0__h_1,True,0.05,4.0,1
medium_toxicity,7722,3593.865643067858,5430.68133,0.0148925148925148,0.0134680134680134,0.1752136752136752,0.1746309246309246,-0.2471232876712329,-0.245,327.0881895881896,hawkes__A_0.05__k_4.0__h_1,True,0.05,4.0,1
high_toxicity,7956,2743.321119795123,5413.80633,0.0212418300653594,0.0267722473604826,0.2972442182001005,0.2966314731020613,-0.247630890052356,-0.245,269.9409250879839,hawkes__A_0.05__k_4.0__h_1,True,0.05,4.0,1
low_toxicity,7722,3587.2126542968144,5341.11463,0.0321160321160321,0.0271950271950271,0.1824494949494949,0.184521497021497,-0.1228711790393013,-0.125,362.8108003108003,baseline__A_0.12__k_8.0__h_5,False,0.12,8.0,5
medium_toxicity,7722,3495.087506956748,5358.97673,0.034058534058534,0.0317275317275317,0.2055490805490805,0.2086570836570836,-0.1247736220472441,-0.125,350.475912975913,baseline__A_0.12__k_8.0__h_5,False,0.12,8.0,5
high_toxicity,7956,2797.529120539216,5382.93596,0.0441176470588235,0.0505279034690799,0.3145739064856712,0.3116987179487179,-0.1323837981407702,-0.135,330.2664655605832,baseline__A_0.12__k_8.0__h_5,False,0.12,8.0,5
low_toxicity,7722,3587.2126542968144,5341.11463,0.0321160321160321,0.0271950271950271,0.1821419321419321,0.184521497021497,-0.1228384279475982,-0.125,362.8108003108003,baseline__A_0.12__k_8.0__h_3,False,0.12,8.0,3
medium_toxicity,7722,3495.087506956748,5358.97673,0.034058534058534,0.0317275317275317,0.2061480186480186,0.2086570836570836,-0.1253444881889763,-0.125,350.475912975913,baseline__A_0.12__k_8.0__h_3,False,0.12,8.0,3
high_toxicity,7956,2797.529120539216,5382.93596,0.0441176470588235,0.0505279034690799,0.3166635243841126,0.3116987179487179,-0.1337715803452855,-0.135,330.2664655605832,baseline__A_0.12__k_8.0__h_3,False,0.12,8.0,3
low_toxicity,7722,3587.2126542968144,5341.11463,0.0321160321160321,0.0271950271950271,0.1847643097643097,0.184521497021497,-0.1246069868995633,-0.125,362.8108003108003,baseline__A_0.12__k_8.0__h_1,False,0.12,8.0,1
medium_toxicity,7722,3495.087506956748,5358.97673,0.034058534058534,0.0317275317275317,0.2074268324268324,0.2086570836570836,-0.1261220472440944,-0.125,350.475912975913,baseline__A_0.12__k_8.0__h_1,False,0.12,8.0,1
high_toxicity,7956,2797.529120539216,5382.93596,0.0441176470588235,0.0505279034690799,0.3149038461538461,0.3116987179487179,-0.133074369189907,-0.135,330.2664655605832,baseline__A_0.12__k_8.0__h_1,False,0.12,8.0,1
low_toxicity,7722,3172.887749648407,4577.96195,0.0212380212380212,0.0167055167055167,0.1546069671069671,0.1568408443408443,-0.1629522184300341,-0.165,359.66718466718464,baseline__A_0.08__k_6.0__h_5,False,0.08,6.0,5
medium_toxicity,7722,3091.0670453904427,4561.796025,0.0226625226625226,0.0218855218855218,0.1820609945609945,0.1867553742553742,-0.1634738372093023,-0.165,348.22908572908574,baseline__A_0.08__k_6.0__h_5,False,0.08,6.0,5
high_toxicity,7956,2486.0419746549774,4517.32411,0.0299145299145299,0.0368275515334338,0.2872988939165409,0.2881630216189039,-0.1719868173258004,-0.175,325.2796631473102,baseline__A_0.08__k_6.0__h_5,False,0.08,6.0,5
low_toxicity,7722,3172.887749648407,4577.96195,0.0212380212380212,0.0167055167055167,0.1549469049469049,0.1568408443408443,-0.1633447098976109,-0.165,359.66718466718464,baseline__A_0.08__k_6.0__h_3,False,0.08,6.0,3
medium_toxicity,7722,3091.0670453904427,4561.796025,0.0226625226625226,0.0218855218855218,0.1835340585340585,0.1867553742553742,-0.1647965116279069,-0.165,348.22908572908574,baseline__A_0.08__k_6.0__h_3,False,0.08,6.0,3
high_toxicity,7956,2486.0419746549774,4517.32411,0.0299145299145299,0.0368275515334338,0.2911481900452489,0.2881630216189039,-0.1744915254237288,-0.175,325.2796631473102,baseline__A_0.08__k_6.0__h_3,False,0.08,6.0,3
low_toxicity,7722,3172.887749648407,4577.96195,0.0212380212380212,0.0167055167055167,0.1564523439523439,0.1568408443408443,-0.1649317406143345,-0.165,359.66718466718464,baseline__A_0.08__k_6.0__h_1,False,0.08,6.0,1
medium_toxicity,7722,3091.0670453904427,4561.796025,0.0226625226625226,0.0218855218855218,0.1860754985754985,0.1867553742553742,-0.167078488372093,-0.165,348.22908572908574,baseline__A_0.08__k_6.0__h_1,False,0.08,6.0,1
high_toxicity,7956,2486.0419746549774,4517.32411,0.0299145299145299,0.0368275515334338,0.2899855455002514,0.2881630216189039,-0.1737947269303201,-0.175,325.2796631473102,baseline__A_0.08__k_6.0__h_1,False,0.08,6.0,1
low_toxicity,7722,3129.8088766155142,4516.745095,0.0142450142450142,0.0111370111370111,0.1543965293965294,0.1565656565656565,-0.2433163265306122,-0.245,354.6037296037296,baseline__A_0.05__k_4.0__h_5,False,0.05,4.0,5
medium_toxicity,7722,3049.9533734265733,4508.800945,0.0139860139860139,0.0126910126910126,0.1629597254597254,0.1664400414400414,-0.2443446601941747,-0.245,337.23128723128724,baseline__A_0.05__k_4.0__h_5,False,0.05,4.0,5
high_toxicity,7956,2473.8973697115384,4471.675945,0.0189793866264454,0.0246354952237305,0.2778720462543992,0.2772435897435897,-0.2548414985590778,-0.255,319.87179487179486,baseline__A_0.05__k_4.0__h_5,False,0.05,4.0,5
low_toxicity,7722,3129.8088766155142,4516.745095,0.0142450142450142,0.0111370111370111,0.1554001554001554,0.1565656565656565,-0.2448979591836734,-0.245,354.6037296037296,baseline__A_0.05__k_4.0__h_3,False,0.05,4.0,3
medium_toxicity,7722,3049.9533734265733,4508.800945,0.0139860139860139,0.0126910126910126,0.1639633514633514,0.1664400414400414,-0.2458495145631067,-0.245,337.23128723128724,baseline__A_0.05__k_4.0__h_3,False,0.05,4.0,3
high_toxicity,7956,2473.8973697115384,4471.675945,0.0189793866264454,0.0246354952237305,0.2798988185017597,0.2772435897435897,-0.2567002881844381,-0.255,319.87179487179486,baseline__A_0.05__k_4.0__h_3,False,0.05,4.0,3
low_toxicity,7722,3129.8088766155142,4516.745095,0.0142450142450142,0.0111370111370111,0.1560314685314685,0.1565656565656565,-0.2458928571428571,-0.245,354.6037296037296,baseline__A_0.05__k_4.0__h_1,False,0.05,4.0,1
medium_toxicity,7722,3049.9533734265733,4508.800945,0.0139860139860139,0.0126910126910126,0.1659867909867909,0.1664400414400414,-0.248883495145631,-0.25,337.23128723128724,baseline__A_0.05__k_4.0__h_1,False,0.05,4.0,1
high_toxicity,7956,2473.8973697115384,4471.675945,0.0189793866264454,0.0246354952237305,0.279458898944193,0.2772435897435897,-0.2562968299711816,-0.255,319.87179487179486,baseline__A_0.05__k_4.0__h_1,False,0.05,4.0,1
low_toxicity,7722,2917.3396481682203,4146.74837,0.0222740222740222,0.0187775187775187,0.12754144004144,0.1275900025900025,-0.1241167192429022,-0.125,361.991711991712,hawkes__A_0.08__k_8.0__h_5,True,0.08,8.0,5
medium_toxicity,7722,2859.7399744794093,4170.74837,0.0227920227920227,0.0236985236985237,0.1434213934213934,0.14507252007252,-0.123050139275766,-0.125,365.23569023569024,hawkes__A_0.08__k_8.0__h_5,True,0.08,8.0,5
high_toxicity,7956,2143.809068349673,4116.74837,0.0351935646053293,0.0397184514831573,0.2317904725992961,0.2337543991955756,-0.1231795302013422,-0.125,307.0324283559578,hawkes__A_0.08__k_8.0__h_5,True,0.08,8.0,5
low_toxicity,7722,2917.3396481682203,4146.74837,0.0222740222740222,0.0187775187775187,0.12754144004144,0.1275900025900025,-0.1242744479495268,-0.125,361.991711991712,hawkes__A_0.08__k_8.0__h_3,True,0.08,8.0,3
medium_toxicity,7722,2859.7399744794093,4170.74837,0.0227920227920227,0.0236985236985237,0.1445868945868945,0.14507252007252,-0.1244011142061281,-0.125,365.23569023569024,hawkes__A_0.08__k_8.0__h_3,True,0.08,8.0,3
high_toxicity,7956,2143.809068349673,4116.74837,0.0351935646053293,0.0397184514831573,0.2337072649572649,0.2337543991955756,-0.1246560402684563,-0.125,307.0324283559578,hawkes__A_0.08__k_8.0__h_3,True,0.08,8.0,3
low_toxicity,7722,2917.3396481682203,4146.74837,0.0222740222740222,0.0187775187775187,0.1279299404299404,0.1275900025900025,-0.1246529968454258,-0.125,361.991711991712,hawkes__A_0.08__k_8.0__h_1,True,0.08,8.0,1
medium_toxicity,7722,2859.7399744794093,4170.74837,0.0227920227920227,0.0236985236985237,0.1456714581714581,0.14507252007252,-0.1253342618384401,-0.125,365.23569023569024,hawkes__A_0.08__k_8.0__h_1,True,0.08,8.0,1
high_toxicity,7956,2143.809068349673,4116.74837,0.0351935646053293,0.0397184514831573,0.2344614127702363,0.2337543991955756,-0.1251929530201342,-0.125,307.0324283559578,hawkes__A_0.08__k_8.0__h_1,True,0.08,8.0,1
low_toxicity,7722,2646.900799884097,3811.820235,0.0152810152810152,0.0115255115255115,0.1101398601398601,0.110512173012173,-0.1643478260869565,-0.165,328.982128982129,hawkes__A_0.05__k_6.0__h_5,True,0.05,6.0,5
medium_toxicity,7722,2596.311072576405,3820.820235,0.0147630147630147,0.0138565138565138,0.1177803677803677,0.1179584304584304,-0.1645701357466063,-0.165,335.1916601916602,hawkes__A_0.05__k_6.0__h_5,True,0.05,6.0,5
high_toxicity,7956,1962.559936907994,3800.570235,0.0214932126696832,0.0267722473604826,0.1977909753645047,0.199205002513826,-0.1639192708333333,-0.165,274.4218200100553,hawkes__A_0.05__k_6.0__h_5,True,0.05,6.0,5
low_toxicity,7722,2646.900799884097,3811.820235,0.0152810152810152,0.0115255115255115,0.1099779849779849,0.110512173012173,-0.1641062801932367,-0.165,328.982128982129,hawkes__A_0.05__k_6.0__h_3,True,0.05,6.0,3
medium_toxicity,7722,2596.311072576405,3820.820235,0.0147630147630147,0.0138565138565138,0.1177803677803677,0.1179584304584304,-0.1646153846153846,-0.165,335.1916601916602,hawkes__A_0.05__k_6.0__h_3,True,0.05,6.0,3
high_toxicity,7956,1962.559936907994,3800.570235,0.0214932126696832,0.0267722473604826,0.1987807943690296,0.199205002513826,-0.1647395833333333,-0.165,274.4218200100553,hawkes__A_0.05__k_6.0__h_3,True,0.05,6.0,3
low_toxicity,7722,2646.900799884097,3811.820235,0.0152810152810152,0.0115255115255115,0.1106902356902356,0.110512173012173,-0.1651690821256038,-0.165,328.982128982129,hawkes__A_0.05__k_6.0__h_1,True,0.05,6.0,1
medium_toxicity,7722,2596.311072576405,3820.820235,0.0147630147630147,0.0138565138565138,0.1187678062678062,0.1179584304584304,-0.1659954751131221,-0.165,335.1916601916602,hawkes__A_0.05__k_6.0__h_1,True,0.05,6.0,1
high_toxicity,7956,1962.559936907994,3800.570235,0.0214932126696832,0.0267722473604826,0.1998177476118652,0.199205002513826,-0.1655989583333333,-0.165,274.4218200100553,hawkes__A_0.05__k_6.0__h_1,True,0.05,6.0,1
low_toxicity,7722,2362.675377816628,3317.15384,0.0212380212380212,0.0169645169645169,0.1169548044548044,0.119010619010619,-0.1221864406779661,-0.125,369.76171976171975,baseline__A_0.08__k_8.0__h_5,False,0.08,8.0,5
medium_toxicity,7722,2294.945662133515,3291.987935,0.0221445221445221,0.0218855218855218,0.1353276353276353,0.1391964516964517,-0.1227941176470588,-0.125,359.9002849002849,baseline__A_0.08__k_8.0__h_5,False,0.08,8.0,5
high_toxicity,7956,1826.4983730800652,3236.391,0.0295374560080442,0.0360734037204625,0.2155291603821015,0.2157648315736551,-0.1306704980842912,-0.135,336.2682252388135,baseline__A_0.08__k_8.0__h_5,False,0.08,8.0,5
low_toxicity,7722,2362.675377816628,3317.15384,0.0212380212380212,0.0169645169645169,0.117035742035742,0.119010619010619,-0.1225423728813559,-0.125,369.76171976171975,baseline__A_0.08__k_8.0__h_3,False,0.08,8.0,3
medium_toxicity,7722,2294.945662133515,3291.987935,0.0221445221445221,0.0218855218855218,0.1366226366226366,0.1391964516964517,-0.1241176470588235,-0.125,359.9002849002849,baseline__A_0.08__k_8.0__h_3,False,0.08,8.0,3
high_toxicity,7956,1826.4983730800652,3236.391,0.0295374560080442,0.0360734037204625,0.2185928858722976,0.2157648315736551,-0.1331896551724138,-0.135,336.2682252388135,baseline__A_0.08__k_8.0__h_3,False,0.08,8.0,3
low_toxicity,7722,2362.675377816628,3317.15384,0.0212380212380212,0.0169645169645169,0.1186544936544936,0.119010619010619,-0.1242372881355932,-0.125,369.76171976171975,baseline__A_0.08__k_8.0__h_1,False,0.08,8.0,1
medium_toxicity,7722,2294.945662133515,3291.987935,0.0221445221445221,0.0218855218855218,0.1385813260813261,0.1391964516964517,-0.1258970588235294,-0.125,359.9002849002849,baseline__A_0.08__k_8.0__h_1,False,0.08,8.0,1
high_toxicity,7956,1826.4983730800652,3236.391,0.0295374560080442,0.0360734037204625,0.2173516842634489,0.2157648315736551,-0.1325095785440613,-0.135,336.2682252388135,baseline__A_0.08__k_8.0__h_1,False,0.08,8.0,1
low_toxicity,7722,2120.779188721186,2974.74657,0.0142450142450142,0.0112665112665112,0.1034382284382284,0.105526418026418,-0.1621319796954314,-0.165,361.2470862470863,baseline__A_0.05__k_6.0__h_5,False,0.05,6.0,5
medium_toxicity,7722,2056.80908500518,2958.8025,0.0141155141155141,0.0128205128205128,0.1094276094276094,0.113021238021238,-0.1624999999999999,-0.165,344.988344988345,baseline__A_0.05__k_6.0__h_5,False,0.05,6.0,5
high_toxicity,7956,1643.6754632038712,2914.9275,0.0187280040221216,0.0245098039215686,0.1866515837104072,0.1866201608848667,-0.1726017441860465,-0.175,324.57893413775764,baseline__A_0.05__k_6.0__h_5,False,0.05,6.0,5
low_toxicity,7722,2120.779188721186,2974.74657,0.0142450142450142,0.0112665112665112,0.1043123543123543,0.105526418026418,-0.1635532994923857,-0.165,361.2470862470863,baseline__A_0.05__k_6.0__h_3,False,0.05,6.0,3
medium_toxicity,7722,2056.80908500518,2958.8025,0.0141155141155141,0.0128205128205128,0.110512173012173,0.113021238021238,-0.1641105769230769,-0.165,344.988344988345,baseline__A_0.05__k_6.0__h_3,False,0.05,6.0,3
high_toxicity,7956,1643.6754632038712,2914.9275,0.0187280040221216,0.0245098039215686,0.188568376068376,0.1866201608848667,-0.1744476744186046,-0.175,324.57893413775764,baseline__A_0.05__k_6.0__h_3,False,0.05,6.0,3
low_toxicity,7722,2120.779188721186,2974.74657,0.0142450142450142,0.0112665112665112,0.1049760424760424,0.105526418026418,-0.1645939086294416,-0.165,361.2470862470863,baseline__A_0.05__k_6.0__h_1,False,0.05,6.0,1
medium_toxicity,7722,2056.80908500518,2958.8025,0.0141155141155141,0.0128205128205128,0.1126003626003626,0.113021238021238,-0.1672115384615384,-0.165,344.988344988345,baseline__A_0.05__k_6.0__h_1,False,0.05,6.0,1
high_toxicity,7956,1643.6754632038712,2914.9275,0.0187280040221216,0.0245098039215686,0.1885369532428356,0.1866201608848667,-0.1744186046511628,-0.175,324.57893413775764,baseline__A_0.05__k_6.0__h_1,False,0.05,6.0,1
low_toxicity,7722,2102.386204475524,2951.371545,0.0151515151515151,0.0117845117845117,0.0833980833980834,0.0838189588189588,-0.1236057692307692,-0.125,332.5854700854701,hawkes__A_0.05__k_8.0__h_5,True,0.05,8.0,5
medium_toxicity,7722,2065.096831203704,2961.871545,0.0145040145040145,0.0134680134680134,0.0870402745402745,0.0872021497021497,-0.1242361111111111,-0.125,337.51295001295,hawkes__A_0.05__k_8.0__h_5,True,0.05,8.0,5
high_toxicity,7956,1551.501589005782,2938.246545,0.0213675213675213,0.0265208647561588,0.1478601055806938,0.1496354952237305,-0.1232020997375328,-0.125,274.9654348919055,hawkes__A_0.05__k_8.0__h_5,True,0.05,8.0,5
low_toxicity,7722,2102.386204475524,2951.371545,0.0151515151515151,0.0117845117845117,0.0831067081067081,0.0838189588189588,-0.1234134615384615,-0.125,332.5854700854701,hawkes__A_0.05__k_8.0__h_3,True,0.05,8.0,3
medium_toxicity,7722,2065.096831203704,2961.871545,0.0145040145040145,0.0134680134680134,0.0869269619269619,0.0872021497021497,-0.1243055555555555,-0.125,337.51295001295,hawkes__A_0.05__k_8.0__h_3,True,0.05,8.0,3
high_toxicity,7956,1551.501589005782,2938.246545,0.0213675213675213,0.0265208647561588,0.1488499245852187,0.1496354952237305,-0.1242125984251968,-0.125,274.9654348919055,hawkes__A_0.05__k_8.0__h_3,True,0.05,8.0,3
low_toxicity,7722,2102.386204475524,2951.371545,0.0151515151515151,0.0117845117845117,0.0838837088837088,0.0838189588189588,-0.1245673076923077,-0.125,332.5854700854701,hawkes__A_0.05__k_8.0__h_1,True,0.05,8.0,1
medium_toxicity,7722,2065.096831203704,2961.871545,0.0145040145040145,0.0134680134680134,0.0879791504791504,0.0872021497021497,-0.1258101851851852,-0.125,337.51295001295,hawkes__A_0.05__k_8.0__h_1,True,0.05,8.0,1
high_toxicity,7956,1551.501589005782,2938.246545,0.0213675213675213,0.0265208647561588,0.1502639517345399,0.1496354952237305,-0.125511811023622,-0.125,274.9654348919055,hawkes__A_0.05__k_8.0__h_1,True,0.05,8.0,1
low_toxicity,7722,1581.091924299404,2216.18718,0.0141155141155141,0.011007511007511,0.0765993265993266,0.0783637658637658,-0.1215463917525773,-0.125,357.02538202538204,baseline__A_0.05__k_8.0__h_5,False,0.05,8.0,5
medium_toxicity,7722,1524.6094925045325,2204.24315,0.0141155141155141,0.0124320124320124,0.0807918932918932,0.0842236467236467,-0.1215121951219512,-0.125,341.0094535094535,baseline__A_0.05__k_8.0__h_5,False,0.05,8.0,5
high_toxicity,7956,1194.853209900704,2170.49315,0.018350930115636,0.0242584213172448,0.1415441176470588,0.1401143790849673,-0.1324926253687315,-0.135,324.5537958773253,baseline__A_0.05__k_8.0__h_5,False,0.05,8.0,5
low_toxicity,7722,1581.091924299404,2216.18718,0.0141155141155141,0.011007511007511,0.0772630147630147,0.0783637658637658,-0.1230154639175257,-0.125,357.02538202538204,baseline__A_0.05__k_8.0__h_3,False,0.05,8.0,3
medium_toxicity,7722,1524.6094925045325,2204.24315,0.0141155141155141,0.0124320124320124,0.0819088319088319,0.0842236467236467,-0.1234146341463414,-0.125,341.0094535094535,baseline__A_0.05__k_8.0__h_3,False,0.05,8.0,3
high_toxicity,7956,1194.853209900704,2170.49315,0.018350930115636,0.0242584213172448,0.1425967823026646,0.1401143790849673,-0.1337610619469026,-0.135,324.5537958773253,baseline__A_0.05__k_8.0__h_3,False,0.05,8.0,3
low_toxicity,7722,1581.091924299404,2216.18718,0.0141155141155141,0.011007511007511,0.0778943278943278,0.0783637658637658,-0.124020618556701,-0.125,357.02538202538204,baseline__A_0.05__k_8.0__h_1,False,0.05,8.0,1
medium_toxicity,7722,1524.6094925045325,2204.24315,0.0141155141155141,0.0124320124320124,0.0839484589484589,0.0842236467236467,-0.1264878048780487,-0.125,341.0094535094535,baseline__A_0.05__k_8.0__h_1,False,0.05,8.0,1
high_toxicity,7956,1194.853209900704,2170.49315,0.018350930115636,0.0242584213172448,0.1422825540472599,0.1401143790849673,-0.1335693215339233,-0.135,324.5537958773253,baseline__A_0.05__k_8.0__h_1,False,0.05,8.0,1
